STU074,Kevin Carter,Regular,18,kevin.carter274@example.com,5559087654,2024-02-24,Active
STU076,Anthony Adams,Honors,20,anthony.adams940@example.com,5555936469,2024-09-06,Active
STU075,Ava Baker,Honors,23,ava.baker973@example.com,5550745190,2024-02-18,Active
STU077,Daniel Parker,Regular,18,daniel.parker971@example.com,5553445317,2024-07-20,Active
STU079,Daniel Turner,Regular,25,daniel.turner670@example.com,5552803198,2024-09-13,Active
STU070,Harper Hill,Regular,23,harper.hill472@example.com,5559951246,2024-02-19,Active
STU062,Alexander Wilson,Honors,18,alexander.wilson8@example.com,5554776818,2024-04-07,Active
STU065,Emma Baker,Regular,20,emma.baker408@example.com,5551510986,2024-11-12,Active
STU067,Dennis Thompson,Honors,24,dennis.thompson979@example.com,5550218899,2024-11-10,Active
STU100,Henry Roberts,Regular,21,henry.roberts890@example.com,5559098608,2024-12-19,Active
STU069,Larry Martinez,Honors,24,larry.martinez914@example.com,5558734696,2024-07-03,Active
STU102,Fred Pekyi,Regular,23,ertyui@tyui.com,1234567890,2025-03-07,Active
STU101,Fred Pekyi,Regular,23,fredpekyi@university.edu,123-456-7890,2024-11-04,Active
STU061,Edward Smith,Regular,18,edward.smith427@example.com,5551541000,2024-03-08,Active
STU060,Larry Rodriguez,Honors,23,larry.rodriguez23@example.com,5553984987,2024-03-17,Active
STU049,Joe Scott,Honors,25,joe.scott793@example.com,5550359935,2024-06-17,Active
STU051,Emma Hill,Regular,24,emma.hill560@example.com,5555146223,2024-02-23,Active
STU054,Bryan Scott,Honors,18,bryan.scott926@example.com,5558867545,2024-06-14,Active
STU053,James Davis,Regular,25,james.davis456@example.com,5550036359,2024-07-17,Active
STU058,Jordan Harris,Regular,20,jordan.harris306@example.com,5551856167,2024-06-04,Active
STU057,Jeffrey Martin,Regular,19,jeffrey.martin119@example.com,5554186046,2024-04-19,Active
STU038,Bryan White,Regular,23,bryan.white759@example.com,5559769772,2024-04-13,Active
STU039,Edward Thompson,Honors,22,edward.thompson594@example.com,5552894328,2024-05-13,Active
STU041,Dylan Wilson,Honors,24,dylan.wilson885@example.com,5554479087,2024-03-27,Active
STU043,Donald Green,Regular,24,donald.green575@example.com,5559230047,2024-05-21,Active
STU042,Jeffrey Adams,Honors,21,jeffrey.adams901@example.com,5556205937,2024-01-20,Active
STU045,Henry Young,Regular,18,henry.young118@example.com,5551546691,2024-06-21,Active
STU044,Christopher Scott,Honors,24,christopher.scott620@example.com,5552082761,2024-04-15,Active
STU047,Edward Williams,Regular,25,edward.williams770@example.com,5555541946,2024-04-22,Active
STU046,Albert Nelson,Honors,22,albert.nelson100@example.com,5550723490,2024-11-24,Active
STU027,Jerry Evans,Regular,22,jerry.evans756@example.com,5555043615,2024-02-13,Active
STU026,Kenneth Carter,Honors,21,kenneth.carter490@example.com,5552961283,2024-06-25,Active
STU029,Madison Hill,Honors,21,madison.hill148@example.com,5555575543,2024-11-21,Active
STU028,Madison Parker,Regular,18,madison.parker235@example.com,5559258016,2024-08-23,Active
STU032,Justin Young,Honors,22,justin.young628@example.com,5552687579,2024-09-26,Active
STU031,Eugene Nelson,Regular,23,eugene.nelson396@example.com,5550194813,2024-05-07,Active
STU034,David Martin,Regular,23,david.martin768@example.com,5550964721,2024-06-17,Active
STU033,Arthur Brown,Regular,19,arthur.brown148@example.com,5557087981,2024-11-07,Active
STU036,Ethan White,Regular,21,ethan.white52@example.com,5558588680,2024-10-23,Active
STU035,Kyle Garcia,Regular,22,kyle.garcia264@example.com,5550200868,2024-07-14,Active
STU016,Keith Young,Regular,23,keith.young815@example.com,5557225784,2024-11-27,Active
STU018,John Hernandez,Honors,21,john.hernandez938@example.com,5550920839,2024-02-12,Active
STU017,Daniel Parker,Honors,18,daniel.parker465@example.com,5554466323,2024-03-13,Active
STU019,Eugene Thompson,Regular,20,eugene.thompson226@example.com,5554524977,2024-04-24,Active
STU021,Aaron Carter,Regular,22,aaron.carter874@example.com,5559222574,2024-09-23,Active
STU023,Gerald King,Regular,19,gerald.king585@example.com,5558613799,2024-05-25,Active
STU022,Kevin Collins,Regular,21,kevin.collins867@example.com,5554444040,2024-01-21,Active
STU024,Henry Hall,Honors,22,henry.hall478@example.com,5554869492,2024-06-09,Active
STU007,Mia Adams,Honors,24,mia.adams731@example.com,5554894831,2024-08-05,Active
STU006,Carl Roberts,Honors,19,carl.roberts593@example.com,5552065517,2024-09-09,Active
STU009,Aaron Scott,Regular,18,aaron.scott7@example.com,5554443515,2024-03-23,Active
STU096,Brandon Davis,Honors,18,brandon.davis519@example.com,5551086075,2024-04-01,Active
STU095,Dennis Allen,Regular,22,dennis.allen899@example.com,5558325253,2024-07-21,Active
STU010,Ava Jones,Regular,21,ava.jones881@example.com,5557654109,2024-06-06,Active
STU098,Jack Williams,Regular,18,jack.williams520@example.com,5559426157,2024-12-02,Active
STU097,Dennis Wright,Honors,23,dennis.wright543@example.com,5554922505,2024-08-03,Active
STU011,Justin Harris,Regular,22,justin.harris499@example.com,5553468345,2024-09-06,Active
STU099,Carl Smith,Honors,18,carl.smith233@example.com,5559061860,2024-12-24,Active
STU014,Larry Turner,Regular,23,larry.turner219@example.com,5551786650,2024-05-07,Active
STU090,Jeremy Lopez,Honors,21,jeremy.lopez741@example.com,5550730734,2024-12-05,Active
STU092,Jacob Mitchell,Honors,25,jacob.mitchell68@example.com,5557722040,2024-08-25,Active
STU093,Benjamin Hall,Honors,20,benjamin.hall869@example.com,5559156219,2024-09-09,Active
STU085,David White,Honors,21,david.white223@example.com,5555630017,2024-10-13,Active
STU084,Dennis Lewis,Regular,20,dennis.lewis877@example.com,5550839737,2024-09-18,Active
STU087,Harold Martin,Regular,18,harold.martin83@example.com,5559898494,2024-10-05,Active
STU089,Jerry Scott,Regular,18,jerry.scott492@example.com,5556371460,2024-03-26,Active
STU088,Donald Roberts,Regular,23,donald.roberts869@example.com,5551242051,2024-05-15,Active
STU002,Albert Gonzalez,Honors,18,albert.gonzalez335@example.com,5551795685,2024-05-12,Active
STU081,Keith Williams,Honors,19,keith.williams419@example.com,5558182093,2024-02-23,Active
STU080,Dennis White,Honors,19,dennis.white457@example.com,5552354358,2024-05-15,Active
STU083,Charlotte Campbell,Regular,23,charlotte.campbell57@example.com,5550960912,2024-10-21,Active
STU082,Donald Scott,Honors,23,donald.scott400@example.com,5552629729,2024-07-03,Active
